,Insect
0,2
1,0
2,1
3,0
4,2
5,1
6,0
7,0
8,0
9,1
10,1
11,0
12,0
13,2
14,0
15,2
16,1
17,1
18,1
19,1
20,1
21,0
22,0
23,1
24,0
25,1
26,0
27,1
28,1
29,0
30,1
31,0
32,1
33,0
34,0
35,0
36,0
37,0
38,0
39,1
40,0
41,1
42,0
43,2
44,1
45,2
46,0
47,0
48,0
49,0
50,1
51,1
52,0
53,0
54,1
55,0
56,0
57,1
58,0
59,1
60,0
61,2
62,0
63,0
64,0
65,1
66,1
67,1
68,1
69,0
70,1
71,1
72,0
73,1
74,0
75,2
76,1
77,0
78,1
79,0
80,0
81,0
82,2
83,0
84,0
85,1
86,0
87,0
88,0
89,0
90,0
91,0
92,2
93,1
94,1
95,1
96,2
97,1
98,0
99,1
100,0
101,1
102,0
103,0
104,2
105,0
106,1
107,0
108,1
109,1
110,0
111,2
112,1
113,1
114,0
115,0
116,1
117,0
118,0
119,1
120,0
121,1
122,0
123,0
124,1
125,0
126,1
127,1
128,1
129,0
130,0
131,0
132,1
133,0
134,0
135,1
136,1
137,0
138,0
139,1
140,1
141,1
142,0
143,0
144,0
145,1
146,1
147,1
148,0
149,1
150,0
151,1
152,0
153,1
154,0
155,2
156,0
157,0
158,0
159,0
160,2
161,0
162,0
163,1
164,0
165,0
166,1
167,0
168,0
169,1
170,1
171,0
172,1
173,1
174,0
175,1
176,1
177,0
178,1
179,0
180,0
181,1
182,0
183,2
184,1
185,1
186,0
187,0
188,1
189,0
190,0
191,2
192,1
193,0
194,1
195,0
196,1
197,0
198,0
199,1
200,0
201,0
202,1
203,0
204,0
205,1
206,0
207,0
208,0
209,0
210,0
211,0
212,0
213,0
214,2
215,1
216,0
217,0
218,0
219,0
220,1
221,1
222,0
223,0
224,0
225,0
226,1
227,0
228,1
229,1
230,1
231,2
232,0
233,0
234,1
235,0
236,2
237,2
238,1
239,0
240,0
241,1
242,0
243,0
244,0
245,1
246,1
247,0
248,0
249,0
250,0
251,1
252,1
253,1
254,1
255,0
256,0
257,0
258,1
259,2
260,1
261,1
262,0
263,1
264,0
265,0
266,1
267,1
268,0
269,1
270,1
271,0
272,1
273,0
274,0
275,0
276,0
277,1
278,1
279,1
280,0
281,0
282,1
283,1
284,0
285,1
286,2
287,0
288,0
289,0
290,1
291,1
292,1
293,1
294,0
295,1
296,0
297,1
298,1
299,1
300,1
301,2
302,0
303,0
304,0
305,2
306,1
307,0
308,1
309,0
310,0
311,1
312,0
313,1
314,0
315,1
316,1
317,1
318,1
319,0
320,1
321,1
322,1
323,1
324,2
325,1
326,0
327,0
328,2
329,1
330,1
331,1
332,1
333,0
334,0
335,1
336,1
337,1
338,1
339,1
340,2
341,0
342,1
343,0
344,0
345,0
346,0
347,1
348,0
349,1
350,0
351,0
352,1
353,0
354,0
355,0
356,2
357,0
358,0
359,2
360,0
361,0
362,1
363,1
364,0
365,1
366,2
367,1
368,2
369,2
370,0
371,0
372,0
373,1
374,0
375,2
376,1
377,1
378,0
379,0
380,1
381,0
382,0
383,0
384,1
385,2
386,1
387,1
388,0
389,1
390,0
391,0
392,0
393,0
394,1
395,0
396,1
397,1
398,0
399,0
400,0
401,0
402,1
403,1
404,0
405,1
406,1
407,1
408,1
409,2
410,0
411,1
412,1
413,1
414,0
415,2
416,0
417,1
418,1
419,0
420,2
421,1
422,1
423,1
424,1
425,0
426,1
427,1
428,0
429,0
430,0
431,0
432,1
433,0
434,1
435,1
436,1
437,2
438,1
439,2
440,1
441,1
442,0
443,1
444,0
445,1
446,1
447,0
448,0
449,1
450,1
451,1
452,0
453,0
454,1
455,0
456,0
457,1
458,0
459,1
460,1
461,2
462,1
463,1
464,1
465,1
466,1
467,0
468,0
469,2
470,1
471,2
472,0
473,1
474,0
475,0
476,0
477,0
478,1
479,0
480,2
481,0
482,0
483,1
484,0
485,0
486,0
487,0
488,0
489,1
490,1
491,1
492,1
493,0
494,1
495,0
496,1
497,0
498,1
499,1
500,0
501,0
502,0
503,0
504,0
505,0
506,0
507,0
508,1
509,2
510,0
511,1
512,0
513,0
514,1
515,1
516,1
517,1
518,1
519,1
520,0
521,0
522,0
523,0
524,0
525,0
526,0
527,1
528,1
529,1
530,0
531,2
532,0
533,1
534,0
535,1
536,0
537,1
538,0
539,1
540,0
541,1
542,0
543,1
544,0
545,1
546,0
547,1
548,1
549,1
550,0
551,0
552,1
553,0
554,0
555,2
556,0
557,1
558,0
559,0
560,0
561,1
562,2
563,1
564,1
565,1
566,0
567,0
568,1
569,1
570,0
571,0
572,0
573,1
574,1
575,1
576,0
577,0
578,0
579,0
580,0
581,0
582,1
583,0
584,1
585,1
586,0
587,0
588,0
589,1
590,1
591,0
592,1
593,0
594,1
595,1
596,0
597,1
598,0
599,1
600,0
601,0
602,1
603,0
604,1
605,1
606,1
607,0
608,1
609,0
610,0
611,1
612,0
613,0
614,1
615,0
616,0
617,0
618,0
619,0
620,0
621,0
622,0
623,0
624,1
625,1
626,1
627,1
628,2
629,0
630,0
631,1
632,0
633,0
634,0
635,1
636,0
637,0
638,0
639,1
640,1
641,0
642,1
643,0
644,2
645,1
646,0
647,1
648,0
649,1
650,1
651,0
652,0
653,0
654,0
655,0
656,1
657,1
658,0
659,0
660,1
661,0
662,0
663,0
664,0
665,0
666,2
667,0
668,2
669,2
670,0
671,0
672,1
673,1
674,1
675,0
676,1
677,1
678,0
679,1
680,1
681,1
682,1
683,0
684,1
685,1
686,1
687,0
688,1
689,0
690,0
691,2
692,1
693,1
694,1
695,1
696,0
697,1
698,1
699,1
700,0
701,0
702,1
703,0
704,1
705,0
706,1
707,1
708,1
709,1
710,0
711,0
712,0
713,1
714,1
715,0
716,1
717,1
718,0
719,0
720,1
721,1
722,1
723,0
724,0
725,1
726,1
727,0
728,1
729,1
730,0
731,0
732,0
733,1
734,1
735,1
736,1
737,0
738,1
739,1
740,2
741,0
742,0
743,0
744,0
745,0
746,1
747,0
748,1
749,1
750,0
751,0
752,0
753,1
754,0
755,0
756,2
757,0
758,0
759,0
760,0
761,0
762,1
763,1
764,1
765,1
766,0
767,0
768,0
769,0
770,1
771,1
772,1
773,0
774,1
775,1
776,0
777,1
778,1
779,0
780,0
781,2
782,0
783,0
784,1
785,1
786,1
787,1
788,0
789,0
790,0
791,1
792,1
793,1
794,1
795,1
796,0
797,0
798,1
799,0
800,1
801,0
802,2
803,0
804,1
805,1
806,0
807,0
808,0
809,1
810,0
811,1
812,0
813,0
814,0
815,0
816,0
817,0
818,1
819,0
820,1
821,0
822,1
823,1
824,1
825,1
826,1
827,0
828,0
829,0
830,1
831,1
832,1
833,2
834,1
835,0
836,1
837,0
838,1
839,1
840,1
841,0
842,1
843,0
844,1
845,0
846,0
847,0
848,0
849,0
850,2
851,1
852,0
853,1
854,1
855,0
856,0
857,0
858,2
859,1
860,0
861,1
862,1
863,1
864,1
865,0
866,0
867,0
868,0
869,0
870,0
871,1
872,0
873,1
874,1
875,0
876,1
877,0
878,0
879,1
880,0
881,1
882,1
883,0
884,1
885,1
886,1
887,1
888,1
889,1
890,1
891,0
892,1
893,0
894,0
895,1
896,1
897,0
898,0
899,0
900,1
901,0
902,1
903,1
904,1
905,0
906,2
907,0
908,0
909,0
910,1
911,1
912,0
913,1
914,2
915,1
916,0
917,0
918,0
919,1
920,2
921,1
922,1
923,1
924,1
925,0
926,0
927,0
928,0
929,0
930,0
931,0
932,0
933,1
934,0
935,1
936,0
937,0
938,1
939,0
940,0
941,0
942,2
943,0
944,1
945,0
946,0
947,1
948,1
949,0
950,2
951,0
952,1
953,0
954,1
955,1
956,0
957,0
958,1
959,0
960,0
961,1
962,2
963,0
964,0
965,0
966,1
967,0
968,1
969,1
970,1
971,1
972,1
973,0
974,0
975,2
976,1
977,0
978,0
979,0
980,0
981,0
982,0
983,0
984,0
985,1
986,0
987,1
988,1
989,2
990,0
991,1
992,0
993,1
994,1
995,0
996,0
997,2
998,0
999,0
1000,1
1001,0
1002,0
1003,1
1004,0
1005,1
1006,0
1007,0
1008,1
1009,1
1010,0
1011,0
1012,1
1013,1
1014,1
1015,1
1016,0
1017,0
1018,1
1019,0
1020,2
1021,1
1022,0
1023,1
1024,0
1025,1
1026,0
1027,1
1028,0
1029,0
1030,1
1031,1
1032,1
1033,0
1034,0
1035,1
1036,2
1037,2
1038,0
1039,0
1040,1
1041,0
1042,1
1043,0
1044,0
1045,2
1046,0
1047,0
1048,1
1049,0
1050,1
1051,0
1052,2
1053,0
1054,1
1055,1
1056,1
1057,0
1058,1
1059,0
1060,0
1061,1
1062,0
1063,1
1064,0
1065,0
1066,0
1067,0
1068,1
1069,0
1070,1
1071,0
1072,1
1073,1
1074,0
1075,0
1076,2
1077,0
1078,0
1079,1
1080,0
1081,0
1082,1
1083,0
1084,0
1085,1
1086,2
1087,1
1088,0
1089,0
1090,1
1091,0
1092,0
1093,1
1094,1
1095,1
1096,0
1097,0
1098,0
1099,0
1100,0
1101,0
1102,1
1103,0
1104,1
1105,0
1106,1
1107,0
1108,0
1109,2
1110,0
1111,1
1112,1
1113,1
1114,1
1115,0
1116,0
1117,0
1118,1
1119,1
1120,2
1121,1
1122,0
1123,1
1124,0
1125,0
1126,1
1127,0
1128,1
1129,1
1130,1
1131,1
1132,1
1133,1
1134,0
1135,0
1136,0
1137,2
1138,0
1139,0
1140,1
1141,0
1142,1
1143,0
1144,1
1145,0
1146,0
1147,1
1148,2
1149,1
1150,0
1151,1
1152,0
1153,1
1154,1
1155,0
1156,1
1157,1
1158,0
1159,0
1160,0
1161,0
1162,1
1163,1
1164,0
1165,1
1166,0
1167,2
1168,0
1169,0
1170,1
1171,1
1172,0
1173,1
1174,1
1175,0
1176,2
1177,0
1178,0
1179,0
1180,1
1181,0
1182,0
1183,0
1184,1
1185,0
1186,1
1187,0
1188,1
1189,0
1190,1
1191,0
1192,0
1193,0
1194,2
1195,0
1196,0
1197,0
1198,0
1199,0
1200,0
1201,1
1202,0
1203,0
1204,0
1205,0
1206,0
1207,1
1208,2
1209,1
1210,1
1211,1
1212,1
1213,0
1214,1
1215,0
1216,0
1217,1
1218,0
1219,0
1220,0
1221,1
1222,1
1223,1
1224,0
1225,1
1226,0
1227,0
1228,0
1229,0
1230,0
1231,1
1232,0
1233,1
1234,2
1235,0
1236,0
1237,1
1238,0
1239,0
1240,2
1241,0
1242,0
1243,2
1244,0
1245,0
1246,1
1247,1
1248,1
1249,1
1250,0
1251,1
1252,2
1253,0
1254,1
1255,1
1256,0
1257,1
1258,0
1259,1
1260,1
1261,1
1262,1
1263,0
1264,1
1265,1
1266,2
1267,1
1268,0
1269,2
1270,1
1271,1
1272,1
1273,1
1274,0
1275,2
1276,0
1277,0
1278,0
1279,1
1280,1
1281,0
1282,0
1283,0
1284,1
1285,0
1286,0
1287,2
1288,1
1289,0
1290,1
1291,1
1292,1
1293,0
1294,0
1295,1
1296,2
1297,0
1298,0
1299,0
1300,0
1301,0
1302,0
1303,0
1304,0
1305,0
1306,0
1307,0
1308,1
1309,0
1310,0
1311,0
1312,1
1313,0
1314,2
1315,1
1316,0
1317,0
1318,0
1319,1
1320,1
1321,1
1322,1
1323,0
1324,1
1325,0
1326,0
1327,0
1328,0
1329,0
1330,0
1331,1
1332,1
1333,0
1334,0
1335,1
1336,0
1337,1
1338,1
1339,0
1340,1
1341,0
1342,1
1343,2
1344,2
1345,0
1346,0
1347,0
1348,1
1349,1
1350,0
1351,1
1352,1
1353,0
1354,1
1355,1
1356,1
1357,0
1358,1
1359,0
1360,0
1361,1
1362,1
1363,1
1364,0
1365,0
1366,0
1367,1
1368,0
1369,0
1370,1
1371,0
1372,0
1373,2
1374,0
1375,1
1376,0
1377,0
1378,0
1379,0
1380,0
1381,0
1382,1
1383,0
1384,0
1385,0
1386,0
1387,1
1388,1
1389,0
1390,0
1391,0
1392,0
1393,0
1394,0
1395,0
1396,1
1397,1
1398,0
1399,0
1400,0
1401,1
1402,0
1403,0
1404,2
1405,1
1406,0
1407,1
1408,0
1409,0
1410,0
1411,1
1412,2
1413,1
1414,0
1415,0
1416,0
1417,0
1418,1
1419,1
1420,2
1421,0
1422,1
1423,1
1424,0
1425,0
1426,0
1427,0
1428,0
1429,0
1430,1
1431,0
1432,0
1433,0
1434,0
1435,1
1436,0
1437,0
1438,0
1439,0
1440,1
1441,0
1442,1
1443,0
1444,1
1445,1
1446,1
1447,1
1448,0
1449,1
1450,1
1451,1
1452,0
1453,1
1454,0
1455,0
1456,0
1457,1
1458,2
1459,0
1460,2
1461,1
1462,0
1463,1
1464,1
1465,2
1466,0
1467,1
1468,0
1469,0
1470,1
1471,1
1472,0
1473,0
1474,0
1475,0
1476,1
1477,0
1478,0
1479,0
1480,0
1481,0
1482,0
1483,0
1484,0
1485,1
1486,0
1487,1
1488,0
1489,1
1490,2
1491,0
1492,1
1493,0
1494,0
1495,0
1496,1
1497,0
1498,0
1499,1
1500,1
1501,0
1502,1
1503,0
1504,1
1505,0
1506,0
1507,0
1508,1
1509,1
1510,1
1511,0
1512,0
1513,0
1514,0
1515,1
1516,1
1517,1
1518,2
1519,0
1520,1
1521,0
1522,0
1523,1
1524,0
1525,1
1526,1
1527,0
1528,0
1529,1
1530,1
1531,0
1532,1
1533,1
1534,0
1535,1
1536,1
1537,0
1538,1
1539,0
1540,0
1541,2
1542,0
1543,1
1544,0
1545,1
1546,0
1547,1
1548,0
1549,0
1550,0
1551,0
1552,0
1553,1
1554,0
1555,1
1556,0
1557,0
1558,0
1559,0
1560,0
1561,0
1562,0
1563,1
1564,0
1565,1
1566,1
1567,0
1568,0
1569,0
1570,1
1571,0
1572,1
1573,1
1574,0
1575,1
1576,0
1577,1
1578,2
1579,0
1580,1
1581,1
1582,1
1583,0
1584,0
1585,0
1586,1
1587,1
1588,0
1589,1
1590,1
1591,1
1592,1
1593,0
1594,1
1595,1
1596,0
1597,1
1598,1
1599,0
1600,1
1601,1
1602,0
1603,1
1604,0
1605,1
1606,2
1607,0
1608,0
1609,0
1610,1
1611,1
1612,2
1613,1
1614,0
1615,0
1616,0
1617,0
1618,1
1619,1
1620,0
1621,2
1622,0
1623,0
1624,0
1625,1
1626,0
1627,0
1628,0
1629,0
1630,0
1631,1
1632,0
1633,1
1634,0
1635,2
1636,1
1637,1
1638,0
1639,1
1640,1
1641,1
1642,0
1643,0
1644,0
1645,0
1646,0
1647,1
1648,0
1649,1
1650,0
1651,0
1652,0
1653,0
1654,0
1655,0
1656,0
1657,1
1658,2
1659,0
1660,1
1661,0
1662,0
1663,0
1664,0
1665,0
1666,0
1667,1
1668,1
1669,1
1670,0
1671,1
1672,1
1673,1
1674,1
1675,1
1676,2
1677,0
1678,0
1679,0
1680,1
1681,1
1682,1
1683,1
1684,0
1685,0
1686,0
1687,0
1688,1
1689,0
1690,0
1691,2
1692,2
1693,1
1694,1
1695,0
1696,1
1697,1
1698,0
1699,0
1700,0
1701,0
1702,1
1703,2
1704,0
1705,0
1706,2
1707,1
1708,1
1709,0
1710,1
1711,1
1712,1
1713,2
1714,0
1715,0
1716,0
1717,0
1718,1
1719,0
1720,1
1721,1
1722,0
1723,1
1724,0
1725,1
1726,2
1727,1
1728,1
1729,1
1730,0
1731,1
1732,0
1733,1
1734,1
1735,0
1736,0
1737,0
1738,0
1739,2
1740,0
1741,0
1742,1
1743,0
1744,0
1745,0
1746,1
1747,1
1748,1
1749,1
1750,0
1751,2
1752,0
1753,0
1754,0
1755,1
1756,0
1757,1
1758,0
1759,1
1760,1
1761,1
1762,0
1763,0
1764,1
1765,0
1766,1
1767,0
1768,2
1769,0
1770,0
1771,0
1772,0
1773,0
1774,0
1775,0
1776,0
1777,0
1778,1
1779,0
1780,0
1781,0
1782,0
1783,0
1784,1
1785,0
1786,0
1787,0
1788,0
1789,0
1790,0
1791,1
1792,1
1793,0
1794,1
1795,0
1796,1
1797,0
1798,0
1799,2
1800,1
1801,0
1802,0
1803,0
1804,0
1805,1
1806,2
1807,1
1808,1
1809,1
1810,2
1811,0
1812,1
1813,1
1814,0
1815,0
1816,0
1817,0
1818,1
1819,1
1820,1
1821,1
1822,1
1823,0
1824,1
1825,1
1826,0
1827,0
1828,2
1829,1
1830,1
1831,0
1832,0
1833,0
1834,0
1835,1
1836,0
1837,0
1838,0
1839,0
1840,1
1841,0
1842,0
1843,1
1844,1
1845,2
1846,0
1847,0
1848,0
1849,1
1850,1
1851,0
1852,0
1853,0
1854,0
1855,0
1856,1
1857,1
1858,0
1859,1
1860,0
1861,2
1862,0
1863,0
1864,1
1865,0
1866,1
1867,1
1868,2
1869,0
1870,1
1871,0
1872,0
1873,1
1874,0
1875,0
1876,0
1877,0
1878,2
1879,0
1880,1
1881,1
1882,1
1883,2
1884,0
1885,1
1886,0
1887,1
1888,0
1889,0
1890,0
1891,2
1892,0
1893,1
1894,0
1895,0
1896,0
1897,0
1898,0
1899,0
1900,1
1901,0
1902,1
1903,0
1904,0
1905,2
1906,0
1907,0
1908,0
1909,0
1910,0
1911,1
1912,1
1913,1
1914,0
1915,0
1916,0
1917,1
1918,1
1919,1
1920,1
1921,0
1922,0
1923,1
1924,0
1925,0
1926,0
1927,0
1928,0
1929,1
1930,1
1931,1
1932,0
1933,1
1934,0
1935,1
1936,0
1937,0
1938,1
1939,0
1940,2
1941,0
1942,0
1943,2
1944,1
1945,0
1946,1
1947,1
1948,1
1949,1
1950,1
1951,1
1952,0
1953,0
1954,0
1955,1
1956,1
1957,0
1958,0
1959,1
1960,0
1961,1
1962,1
1963,0
1964,0
1965,0
1966,0
1967,0
1968,1
1969,1
1970,0
1971,1
1972,0
1973,1
1974,1
1975,0
1976,1
1977,1
1978,1
1979,0
1980,0
1981,0
1982,1
1983,1
1984,0
1985,0
1986,0
1987,0
1988,0
1989,2
1990,0
1991,1
1992,1
1993,0
1994,0
1995,0
1996,1
1997,0
1998,1
1999,0
2000,0
2001,0
2002,0
2003,0
2004,0
2005,0
2006,1
2007,0
2008,0
2009,1
2010,1
2011,0
2012,0
2013,0
2014,0
2015,0
2016,0
2017,0
2018,0
2019,2
2020,1
2021,0
2022,1
2023,0
2024,0
2025,1
2026,1
2027,0
2028,1
2029,0
2030,0
2031,0
2032,0
2033,0
2034,1
2035,2
2036,0
2037,0
2038,1
2039,0
2040,0
2041,1
2042,0
2043,1
2044,1
2045,2
2046,0
2047,0
2048,0
2049,1
2050,0
2051,0
2052,2
2053,0
2054,1
2055,1
2056,0
2057,0
2058,1
2059,1
2060,1
2061,0
2062,0
2063,0
2064,1
2065,1
2066,0
2067,1
2068,1
2069,0
2070,0
2071,0
2072,0
2073,0
2074,1
2075,1
2076,0
2077,1
2078,1
2079,0
2080,0
2081,1
2082,0
2083,0
2084,0
2085,1
2086,0
2087,0
2088,1
2089,1
2090,0
2091,1
2092,0
2093,1
2094,0
2095,1
2096,0
2097,0
2098,0
2099,0
2100,0
2101,0
2102,1
2103,0
2104,0
2105,2
2106,1
2107,0
2108,0
2109,1
2110,0
2111,0
2112,0
2113,1
2114,0
2115,0
2116,1
2117,2
2118,0
2119,0
2120,0
2121,0
2122,0
2123,0
2124,1
2125,0
2126,0
2127,0
2128,2
2129,0
2130,1
2131,2
2132,1
2133,1
2134,0
2135,0
2136,0
2137,1
2138,0
2139,1
2140,1
2141,0
2142,1
2143,0
2144,1
2145,0
2146,0
2147,0
2148,1
2149,1
2150,0
2151,1
2152,0
2153,1
2154,1
2155,1
2156,1
2157,1
2158,0
2159,1
2160,1
2161,2
2162,1
2163,0
2164,1
2165,2
2166,0
2167,0
2168,2
2169,0
2170,1
2171,1
2172,1
2173,0
2174,1
2175,0
2176,1
2177,0
2178,1
2179,1
2180,0
2181,0
2182,0
2183,0
2184,1
2185,0
2186,0
2187,1
2188,0
2189,1
2190,0
2191,0
2192,0
2193,1
2194,1
2195,0
2196,0
2197,1
2198,1
2199,0
2200,0
2201,2
2202,1
2203,1
2204,0
2205,1
2206,0
2207,0
2208,0
2209,1
2210,0
2211,0
2212,0
2213,0
2214,1
2215,1
2216,1
2217,0
2218,0
2219,1
2220,0
2221,2
2222,1
2223,2
2224,0
2225,0
2226,1
2227,0
2228,1
2229,0
2230,0
2231,1
2232,1
2233,0
2234,1
2235,2
2236,1
2237,1
2238,0
2239,0
2240,0
2241,0
2242,1
2243,1
2244,0
2245,0
2246,0
2247,1
2248,1
2249,1
2250,0
2251,0
2252,0
2253,0
2254,0
2255,0
2256,0
2257,0
2258,0
2259,0
2260,0
2261,0
2262,1
2263,0
2264,1
2265,0
2266,1
2267,1
2268,1
2269,1
2270,0
2271,2
2272,1
2273,1
2274,1
2275,1
2276,1
2277,0
2278,0
2279,0
2280,0
2281,1
2282,0
2283,1
2284,0
2285,0
2286,1
2287,0
2288,0
2289,0
2290,1
2291,1
2292,1
2293,1
2294,0
2295,1
2296,0
2297,0
2298,1
2299,1
2300,1
2301,1
2302,1
2303,0
2304,1
2305,2
2306,0
2307,0
2308,1
2309,0
2310,1
2311,0
2312,1
2313,0
2314,1
2315,0
2316,1
2317,1
2318,0
2319,1
2320,2
2321,1
2322,0
2323,0
2324,1
2325,0
2326,1
2327,1
2328,1
2329,0
2330,1
2331,1
2332,1
2333,0
2334,0
2335,1
2336,1
2337,0
2338,0
2339,1
2340,1
2341,0
2342,1
2343,1
2344,0
2345,0
2346,1
2347,2
2348,0
2349,0
2350,0
2351,0
2352,0
2353,0
2354,0
2355,2
2356,0
2357,2
2358,0
2359,1
2360,1
2361,0
2362,0
2363,0
2364,0
2365,0
2366,0
2367,0
2368,0
2369,1
2370,0
2371,0
2372,0
2373,0
2374,1
2375,0
2376,0
2377,0
2378,1
2379,1
2380,0
2381,1
2382,2
2383,0
2384,0
2385,0
2386,0
2387,0
2388,1
2389,2
2390,0
2391,1
2392,1
2393,1
2394,1
2395,0
2396,0
2397,1
2398,1
2399,1
2400,0
2401,1
2402,2
2403,1
2404,2
2405,0
2406,1
2407,0
2408,0
2409,0
2410,0
2411,0
2412,1
2413,0
2414,0
2415,0
2416,1
2417,1
2418,2
2419,0
2420,1
2421,0
2422,0
2423,2
2424,0
2425,0
2426,0
2427,2
2428,2
2429,0
2430,1
2431,0
2432,0
2433,1
2434,1
2435,1
2436,1
2437,1
2438,1
2439,2
2440,1
2441,1
2442,0
2443,0
2444,1
2445,1
2446,0
2447,0
2448,1
2449,1
2450,1
2451,0
2452,1
2453,1
2454,0
2455,0
2456,0
2457,1
2458,1
2459,0
2460,0
2461,0
2462,0
2463,0
2464,0
2465,1
2466,0
2467,2
2468,0
2469,0
2470,1
2471,1
2472,1
2473,1
2474,1
2475,0
2476,0
2477,2
2478,1
2479,1
2480,1
2481,0
2482,0
2483,1
2484,1
2485,1
2486,1
2487,1
2488,1
2489,1
2490,0
2491,1
2492,0
2493,1
2494,1
2495,1
2496,0
2497,2
2498,0
2499,1
2500,1
2501,1
2502,0
2503,1
2504,1
2505,0
2506,0
2507,0
2508,2
2509,1
2510,1
2511,0
2512,2
2513,2
2514,1
2515,0
2516,2
2517,1
2518,0
2519,0
2520,1
2521,0
2522,0
2523,0
2524,0
2525,1
2526,0
2527,2
2528,0
2529,2
2530,0
2531,0
2532,1
2533,0
2534,1
2535,0
2536,0
2537,1
2538,1
2539,0
2540,0
2541,0
2542,0
2543,0
2544,1
2545,0
2546,0
2547,2
2548,1
2549,1
2550,0
2551,0
2552,2
2553,0
2554,1
2555,0
2556,0
2557,0
2558,1
2559,2
2560,1
2561,0
2562,1
2563,1
2564,0
2565,0
2566,2
2567,0
2568,0
2569,2
2570,0
2571,1
2572,0
2573,0
2574,0
2575,2
2576,1
2577,0
2578,0
2579,0
2580,0
2581,0
2582,0
2583,0
2584,0
2585,1
2586,1
2587,1
2588,2
2589,0
2590,0
2591,0
2592,1
2593,0
2594,0
2595,0
2596,1
2597,1
2598,1
2599,1
2600,0
2601,0
2602,1
2603,0
2604,0
2605,0
2606,1
2607,1
2608,0
2609,1
2610,1
2611,1
2612,1
2613,0
2614,0
2615,0
2616,0
2617,1
2618,0
2619,0
2620,1
2621,0
2622,0
2623,0
2624,1
2625,1
2626,0
2627,0
2628,0
2629,0
2630,0
2631,2
2632,0
2633,0
2634,0
2635,1
2636,0
2637,1
2638,0
2639,2
2640,0
2641,0
2642,0
2643,1
2644,1
2645,0
2646,1
2647,0
2648,0
2649,1
2650,1
2651,1
2652,0
2653,0
2654,1
2655,1
2656,1
2657,0
2658,0
2659,2
2660,0
2661,1
2662,1
2663,0
2664,1
2665,1
2666,1
2667,1
2668,2
2669,1
2670,1
2671,0
2672,1
2673,1
2674,1
2675,1
2676,1
2677,0
2678,0
2679,2
2680,0
2681,1
2682,0
2683,0
2684,2
2685,1
2686,0
2687,0
2688,0
2689,0
2690,0
2691,0
2692,1
2693,0
2694,0
2695,0
2696,0
2697,0
2698,1
2699,1
2700,2
2701,0
2702,0
2703,0
2704,0
2705,1
2706,0
2707,1
2708,1
2709,0
2710,1
2711,0
2712,0
2713,1
2714,1
2715,1
2716,1
2717,1
2718,0
2719,1
2720,2
2721,1
2722,1
2723,0
2724,0
2725,1
2726,1
2727,0
2728,1
2729,1
2730,0
2731,1
2732,1
2733,0
2734,0
2735,1
2736,2
2737,1
2738,2
2739,1
2740,0
2741,0
2742,0
2743,1
2744,0
2745,1
2746,0
2747,0
2748,1
2749,0
2750,2
2751,0
2752,1
2753,1
2754,0
2755,0
2756,1
2757,0
2758,1
2759,0
2760,1
2761,1
2762,1
2763,0
2764,0
2765,0
2766,0
2767,1
2768,2
2769,0
2770,1
2771,0
2772,1
2773,0
2774,1
2775,0
2776,0
2777,1
2778,0
2779,0
2780,0
2781,0
2782,0
2783,1
2784,0
2785,0
2786,0
2787,0
2788,0
2789,1
2790,0
2791,1
2792,0
2793,1
2794,2
2795,0
2796,0
2797,0
2798,0
2799,1
2800,0
2801,0
2802,0
2803,1
2804,0
2805,0
2806,1
2807,0
2808,0
2809,1
2810,1
2811,0
2812,0
2813,0
2814,1
2815,1
2816,0
2817,2
2818,1
2819,0
2820,1
2821,1
2822,1
2823,2
2824,2
2825,1
2826,0
2827,1
2828,0
2829,1
2830,0
2831,0
2832,0
2833,1
2834,0
2835,1
2836,1
2837,1
2838,1
2839,0
2840,1
2841,0
2842,1
2843,0
2844,0
2845,1
2846,0
2847,0
2848,1
2849,0
2850,0
2851,1
2852,0
2853,2
2854,0
2855,1
2856,1
2857,0
2858,1
2859,0
2860,0
2861,0
2862,1
2863,0
2864,0
2865,0
2866,0
2867,1
2868,1
2869,1
2870,2
2871,0
2872,1
2873,1
2874,0
2875,0
2876,0
2877,0
2878,1
2879,0
2880,1
2881,1
2882,0
2883,1
2884,0
2885,0
2886,1
2887,0
2888,1
2889,0
2890,0
2891,1
2892,1
2893,1
2894,1
2895,2
2896,1
2897,0
2898,0
2899,0
2900,2
2901,0
2902,0
2903,1
2904,0
2905,1
2906,0
2907,1
2908,1
2909,0
2910,0
2911,1
2912,0
2913,0
2914,0
2915,0
2916,0
2917,0
2918,2
2919,1
2920,1
2921,1
2922,0
2923,0
2924,2
2925,1
2926,0
2927,1
2928,0
2929,1
2930,1
2931,0
2932,0
2933,1
2934,1
2935,1
2936,1
2937,1
2938,0
2939,0
2940,2
2941,1
2942,1
2943,1
2944,1
2945,0
2946,0
2947,1
2948,1
2949,0
2950,0
2951,1
2952,0
2953,1
2954,1
2955,0
2956,1
2957,1
2958,0
2959,0
2960,0
2961,1
2962,0
2963,0
2964,1
2965,0
2966,0
2967,0
2968,0
2969,1
2970,0
2971,1
2972,0
2973,1
2974,1
2975,1
2976,0
2977,1
2978,0
2979,0
2980,1
2981,1
2982,0
2983,0
2984,1
2985,0
2986,0
2987,1
2988,0
2989,1
2990,1
2991,0
2992,0
2993,0
2994,0
2995,0
2996,1
2997,0
2998,0
2999,0
3000,0
3001,0
3002,0
3003,1
3004,0
3005,0
3006,1
3007,0
3008,0
3009,0
3010,1
3011,2
3012,1
3013,0
3014,0
3015,0
3016,0
3017,1
3018,1
3019,0
3020,1
3021,1
3022,1
3023,1
3024,1
3025,0
3026,0
3027,0
3028,0
3029,0
3030,0
3031,1
3032,0
3033,2
3034,0
3035,0
3036,0
3037,2
3038,2
3039,1
3040,0
3041,1
3042,1
3043,2
3044,1
3045,0
3046,1
3047,0
3048,1
3049,0
3050,0
3051,0
3052,0
3053,2
3054,2
3055,0
3056,0
3057,2
3058,1
3059,2
3060,0
3061,0
3062,0
3063,0
3064,0
3065,0
3066,1
3067,0
3068,2
3069,1
3070,0
3071,1
3072,0
3073,0
3074,0
3075,0
3076,0
3077,0
3078,0
3079,0
3080,1
3081,0
3082,1
3083,1
3084,2
3085,0
3086,0
3087,0
3088,0
3089,0
3090,1
3091,2
3092,0
3093,0
3094,0
3095,0
3096,0
3097,1
3098,0
3099,0
3100,1
3101,0
3102,0
3103,1
3104,0
3105,0
3106,1
3107,1
3108,1
3109,1
3110,1
3111,0
3112,0
3113,0
3114,1
3115,0
3116,0
3117,0
3118,0
3119,1
3120,2
3121,0
3122,2
3123,1
3124,1
3125,1
3126,0
3127,0
3128,1
3129,1
3130,0
3131,1
3132,0
3133,0
3134,0
3135,0
3136,0
3137,0
3138,0
3139,0
3140,1
3141,0
3142,0
3143,0
3144,0
3145,1
3146,0
3147,1
3148,2
3149,1
3150,1
3151,0
3152,1
3153,0
3154,0
3155,0
3156,0
3157,0
3158,1
3159,0
3160,0
3161,0
3162,1
3163,1
3164,0
3165,2
3166,0
3167,0
3168,0
3169,2
3170,0
3171,1
3172,1
3173,0
3174,0
3175,1
3176,0
3177,1
3178,1
3179,1
3180,1
3181,1
3182,1
3183,0
3184,1
3185,1
3186,1
3187,0
3188,0
3189,1
3190,0
3191,1
3192,2
3193,0
3194,1
3195,0
3196,1
3197,0
3198,0
3199,0
3200,0
3201,0
3202,0
3203,1
3204,0
3205,0
3206,1
3207,0
3208,1
3209,2
3210,2
3211,0
3212,0
3213,0
3214,0
3215,0
3216,0
3217,0
3218,1
3219,1
3220,1
3221,0
3222,2
3223,1
3224,1
3225,1
3226,1
3227,0
3228,0
3229,1
3230,0
3231,1
3232,0
3233,0
3234,0
3235,0
3236,0
3237,1
3238,0
3239,0
3240,0
3241,0
3242,0
3243,1
3244,0
3245,0
3246,1
3247,0
3248,1
3249,1
3250,1
3251,0
3252,0
3253,1
3254,0
3255,1
3256,1
3257,0
3258,0
3259,1
3260,1
3261,0
3262,0
3263,1
3264,0
3265,2
3266,1
3267,0
3268,1
3269,0
3270,0
3271,0
3272,0
3273,0
3274,0
3275,0
3276,0
3277,1
3278,1
3279,2
3280,1
3281,0
3282,2
3283,1
3284,0
3285,0
3286,1
3287,1
3288,1
3289,1
3290,1
3291,0
3292,1
3293,1
3294,0
3295,0
3296,0
3297,1
3298,0
3299,1
3300,0
3301,0
3302,0
3303,1
3304,0
3305,0
3306,0
3307,1
3308,0
3309,1
3310,1
3311,1
3312,1
3313,1
3314,0
3315,0
3316,0
3317,1
3318,0
3319,2
3320,0
3321,1
3322,0
3323,1
3324,0
3325,0
3326,0
3327,1
3328,1
3329,2
3330,2
3331,0
3332,0
3333,0
3334,0
3335,1
3336,0
3337,0
3338,0
3339,0
3340,0
3341,0
3342,0
3343,1
3344,0
3345,1
3346,1
3347,1
3348,1
3349,1
3350,0
3351,0
3352,0
3353,0
3354,1
3355,0
3356,0
3357,1
3358,0
3359,1
3360,0
3361,0
3362,1
3363,0
3364,0
3365,0
3366,1
3367,1
3368,1
3369,2
3370,1
3371,2
3372,0
3373,0
3374,0
3375,0
3376,0
3377,0
3378,0
3379,1
3380,0
3381,1
3382,0
3383,1
3384,1
3385,1
3386,0
3387,1
3388,1
3389,0
3390,1
3391,1
3392,0
3393,1
3394,0
3395,0
3396,1
3397,2
3398,1
3399,1
3400,1
3401,0
3402,0
3403,0
3404,1
3405,1
3406,0
3407,0
3408,0
3409,1
3410,1
3411,0
3412,2
3413,0
3414,0
3415,0
3416,0
3417,1
3418,1
3419,1
3420,0
3421,0
3422,0
3423,1
3424,0
3425,0
3426,0
3427,0
3428,0
3429,1
3430,1
3431,0
3432,0
3433,0
3434,1
3435,0
3436,0
3437,1
3438,1
3439,0
3440,0
3441,0
3442,1
3443,2
3444,1
3445,0
3446,0
3447,0
3448,1
3449,0
3450,1
3451,0
3452,0
3453,0
3454,1
3455,0
3456,1
3457,1
3458,0
3459,1
3460,0
3461,0
3462,0
3463,1
3464,0
3465,1
3466,0
3467,1
3468,0
3469,0
3470,1
3471,0
3472,1
3473,1
3474,1
3475,0
3476,1
3477,0
3478,2
3479,1
3480,0
3481,1
3482,0
3483,0
3484,0
3485,1
3486,0
3487,1
3488,0
3489,1
3490,1
3491,0
3492,0
3493,0
3494,1
3495,1
3496,2
3497,1
3498,0
3499,0
3500,0
3501,1
3502,2
3503,0
3504,1
3505,2
3506,0
3507,0
3508,1
3509,1
3510,2
3511,1
3512,0
3513,2
3514,0
3515,1
3516,0
3517,0
3518,1
3519,2
3520,1
3521,0
3522,1
3523,0
3524,1
3525,1
3526,0
3527,0
3528,1
3529,0
3530,0
3531,1
3532,2
3533,0
3534,0
3535,1
3536,0
3537,2
3538,1
3539,0
3540,0
3541,0
3542,0
3543,0
3544,1
3545,2
3546,0
3547,2
3548,1
3549,2
3550,0
3551,0
3552,0
3553,1
3554,0
3555,1
3556,2
3557,2
3558,0
3559,1
3560,1
3561,0
3562,0
3563,1
3564,0
3565,0
3566,1
3567,0
3568,1
3569,1
3570,0
3571,0
3572,2
3573,0
3574,0
3575,1
3576,0
3577,0
3578,0
3579,1
3580,0
3581,0
3582,0
3583,2
3584,0
3585,0
3586,1
3587,0
3588,0
3589,0
3590,0
3591,0
3592,0
3593,0
3594,0
3595,1
3596,1
3597,0
3598,0
3599,1
3600,0
3601,0
3602,1
3603,1
3604,0
3605,1
3606,0
3607,1
3608,0
3609,1
3610,0
3611,2
3612,2
3613,0
3614,1
3615,0
3616,1
3617,0
3618,2
3619,0
3620,1
3621,1
3622,1
3623,1
3624,1
3625,1
3626,1
3627,1
3628,1
3629,1
3630,0
3631,2
3632,0
3633,1
3634,0
3635,1
3636,2
3637,1
3638,0
3639,0
3640,0
3641,1
3642,0
3643,0
3644,0
3645,0
3646,2
3647,0
3648,0
3649,1
3650,1
3651,0
3652,1
3653,1
3654,1
3655,2
3656,0
3657,0
3658,2
3659,0
3660,0
3661,0
3662,1
3663,1
3664,0
3665,0
3666,1
3667,0
3668,0
3669,0
3670,1
3671,0
3672,1
3673,1
3674,0
3675,1
3676,1
3677,1
3678,0
3679,0
3680,0
3681,0
3682,0
3683,1
3684,1
3685,1
3686,1
3687,0
3688,0
3689,1
3690,0
3691,1
3692,0
3693,0
3694,1
3695,1
3696,0
3697,1
3698,0
3699,0
3700,0
3701,1
3702,1
3703,0
3704,1
3705,0
3706,0
3707,0
3708,1
3709,0
3710,0
3711,2
3712,1
3713,0
3714,1
3715,0
3716,0
3717,1
3718,1
3719,0
3720,1
3721,1
3722,1
3723,1
3724,0
3725,1
3726,1
3727,0
3728,0
3729,0
3730,1
3731,1
3732,1
3733,1
3734,0
3735,0
3736,0
3737,1
3738,2
3739,2
3740,0
3741,0
3742,0
3743,0
3744,0
3745,0
3746,0
3747,1
3748,1
3749,1
3750,1
3751,0
3752,1
3753,0
3754,1
3755,0
3756,0
3757,1
3758,1
3759,0
3760,1
3761,1
3762,1
3763,0
3764,0
3765,0
3766,0
3767,0
3768,1
3769,1
3770,1
3771,1
3772,1
3773,0
3774,0
3775,1
3776,0
3777,1
3778,0
3779,0
3780,1
3781,0
3782,2
3783,1
3784,1
3785,1
3786,0
3787,0
3788,1
3789,0
3790,0
3791,1
3792,1
3793,1
3794,0
3795,1
3796,0
3797,0
3798,0
3799,1
3800,0
3801,0
3802,0
3803,0
3804,0
3805,1
3806,0
3807,0
3808,1
3809,0
3810,0
3811,0
3812,0
3813,0
3814,1
3815,0
3816,0
3817,1
3818,0
3819,1
3820,1
3821,0
3822,2
3823,2
3824,1
3825,0
3826,0
3827,0
3828,0
3829,0
3830,0
3831,1
3832,0
3833,1
3834,0
3835,1
3836,1
3837,0
3838,0
3839,0
3840,0
3841,1
3842,1
3843,1
3844,1
3845,2
3846,0
3847,1
3848,2
3849,2
3850,1
3851,1
3852,1
3853,1
3854,1
3855,1
3856,0
3857,1
3858,0
3859,0
3860,1
3861,0
3862,0
3863,1
3864,0
3865,1
3866,1
3867,0
3868,0
3869,2
3870,0
3871,0
3872,1
3873,0
3874,1
3875,0
3876,1
3877,0
3878,0
3879,2
3880,1
3881,2
3882,2
3883,1
3884,1
3885,1
3886,1
3887,0
3888,1
3889,1
3890,2
3891,1
3892,1
3893,0
3894,0
3895,1
3896,1
3897,0
3898,1
3899,1
3900,1
3901,2
3902,1
3903,1
3904,1
3905,0
3906,1
3907,1
3908,0
3909,0
3910,1
3911,0
3912,0
3913,0
3914,0
3915,1
3916,0
3917,0
3918,0
3919,0
3920,0
3921,0
3922,0
3923,1
3924,1
3925,0
3926,1
3927,2
3928,0
3929,2
3930,1
3931,0
3932,0
3933,0
3934,1
3935,0
3936,1
3937,0
3938,0
3939,0
3940,0
3941,2
3942,0
3943,0
3944,0
3945,0
3946,0
3947,1
3948,0
3949,0
3950,0
3951,1
3952,0
3953,1
3954,0
3955,1
3956,0
3957,0
3958,1
3959,1
3960,0
3961,2
3962,0
3963,2
3964,1
3965,0
3966,0
3967,1
3968,1
3969,2
3970,0
3971,0
3972,0
3973,0
3974,0
3975,0
3976,1
3977,0
3978,1
3979,1
3980,1
3981,0
3982,0
3983,0
3984,0
3985,0
3986,1
3987,0
3988,1
3989,1
3990,1
3991,0
3992,1
3993,0
3994,1
3995,2
3996,0
3997,0
3998,0
3999,0
4000,0
4001,0
4002,0
4003,0
4004,1
4005,1
4006,0
4007,1
4008,0
4009,0
4010,1
4011,0
4012,2
4013,1
4014,0
4015,0
4016,1
4017,0
4018,0
4019,1
4020,0
4021,0
4022,0
4023,2
4024,0
4025,1
4026,0
4027,0
4028,0
4029,0
4030,0
4031,1
4032,0
4033,1
4034,1
4035,0
4036,2
4037,1
4038,0
4039,1
4040,0
4041,0
4042,1
4043,0
4044,0
4045,1
4046,0
4047,0
4048,1
4049,0
4050,0
4051,1
4052,1
4053,1
4054,1
4055,0
4056,2
4057,0
4058,1
4059,0
4060,0
4061,1
4062,0
4063,0
4064,1
4065,2
4066,0
4067,1
4068,0
4069,1
4070,1
4071,0
4072,0
4073,0
4074,1
4075,0
4076,2
4077,1
4078,0
4079,0
4080,0
4081,0
4082,1
4083,0
4084,1
4085,0
4086,0
4087,0
4088,0
4089,1
4090,2
4091,0
4092,0
4093,0
4094,1
4095,1
4096,0
4097,0
4098,0
4099,1
4100,0
4101,1
4102,0
4103,1
4104,0
4105,2
4106,0
4107,0
4108,0
4109,0
4110,0
4111,0
4112,1
4113,0
4114,1
4115,0
4116,1
4117,2
4118,1
4119,0
4120,0
4121,1
4122,1
4123,0
4124,1
4125,1
4126,1
4127,0
4128,0
4129,1
4130,0
4131,0
4132,0
4133,1
4134,1
4135,0
4136,0
4137,0
4138,0
4139,2
4140,1
4141,0
4142,1
4143,0
4144,1
4145,0
4146,1
4147,0
4148,1
4149,0
4150,1
4151,0
4152,0
4153,1
4154,1
4155,1
4156,1
4157,0
4158,0
4159,0
4160,0
4161,1
4162,0
4163,1
4164,0
4165,0
4166,1
4167,0
4168,1
4169,0
4170,2
4171,0
4172,0
4173,1
4174,1
4175,0
4176,1
4177,1
4178,0
4179,0
4180,1
4181,1
4182,0
4183,1
4184,0
4185,0
4186,0
4187,0
4188,1
4189,1
4190,2
4191,0
4192,0
4193,1
4194,0
4195,1
4196,2
4197,1
4198,0
4199,0
4200,1
4201,0
4202,1
4203,1
4204,0
4205,1
4206,1
4207,0
4208,1
4209,0
4210,1
4211,1
4212,1
4213,0
4214,2
4215,0
4216,0
4217,1
4218,0
4219,1
4220,0
4221,1
4222,0
4223,1
4224,1
4225,0
4226,1
4227,1
4228,0
4229,0
4230,1
4231,1
4232,1
4233,0
4234,1
4235,0
4236,0
4237,0
4238,0
4239,1
4240,1
4241,0
4242,0
4243,1
4244,0
4245,1
4246,1
4247,0
4248,0
4249,1
4250,0
4251,0
4252,0
4253,1
4254,2
4255,0
4256,0
4257,0
4258,0
4259,0
4260,1
4261,0
4262,1
4263,1
4264,0
4265,1
4266,2
4267,1
4268,0
4269,0
4270,0
4271,0
4272,0
4273,0
4274,1
4275,1
4276,0
4277,0
4278,1
4279,1
4280,0
4281,0
4282,0
4283,1
4284,0
4285,1
4286,1
4287,1
4288,0
4289,1
4290,0
4291,0
4292,1
4293,1
4294,1
4295,1
4296,1
4297,1
4298,1
4299,0
4300,0
4301,1
4302,0
4303,2
4304,0
4305,1
4306,0
4307,0
4308,1
4309,1
4310,0
4311,1
4312,1
4313,0
4314,1
4315,1
4316,1
4317,1
4318,0
4319,0
4320,0
4321,1
4322,0
4323,0
4324,0
4325,1
4326,1
4327,0
4328,0
4329,1
4330,0
4331,1
4332,1
4333,1
4334,1
4335,1
4336,2
4337,1
4338,1
4339,0
4340,0
4341,2
4342,0
4343,1
4344,0
4345,0
4346,0
4347,1
4348,1
4349,0
4350,0
4351,1
4352,0
4353,0
4354,1
4355,0
4356,0
4357,1
4358,0
4359,0
4360,1
4361,1
4362,0
4363,0
4364,0
4365,1
4366,0
4367,0
4368,1
4369,0
4370,1
4371,1
4372,0
4373,1
4374,1
4375,0
4376,1
4377,0
4378,0
4379,1
4380,1
4381,2
4382,1
4383,2
4384,0
4385,0
4386,1
4387,1
4388,1
4389,0
4390,1
4391,0
4392,1
4393,0
4394,2
4395,1
4396,1
4397,0
4398,0
4399,0
4400,1
4401,0
4402,1
4403,1
4404,0
4405,0
4406,1
4407,0
4408,1
4409,0
4410,2
4411,1
4412,0
4413,1
4414,0
4415,1
4416,0
4417,1
4418,0
4419,1
4420,1
4421,0
4422,1
4423,1
4424,2
4425,2
4426,0
4427,0
4428,1
4429,1
4430,1
4431,0
4432,1
4433,0
4434,0
4435,0
4436,0
4437,1
4438,0
4439,0
4440,0
4441,1
4442,1
4443,1
4444,0
4445,0
4446,1
4447,0
4448,1
4449,0
4450,0
4451,0
4452,0
4453,0
4454,0
4455,1
4456,1
4457,0
4458,0
4459,2
4460,0
4461,1
4462,0
4463,1
4464,0
4465,1
4466,0
4467,1
4468,0
4469,0
4470,0
4471,0
4472,0
4473,1
4474,1
4475,1
4476,0
4477,1
4478,0
4479,1
4480,0
4481,0
4482,0
4483,0
4484,1
4485,1
4486,1
4487,1
4488,1
4489,1
4490,1
4491,0
4492,0
4493,0
4494,1
4495,0
4496,0
4497,1
4498,0
4499,0
4500,1
4501,0
4502,1
4503,1
4504,1
4505,0
4506,1
4507,1
4508,1
4509,0
4510,0
4511,0
4512,0
4513,0
4514,0
4515,0
4516,0
4517,1
4518,1
4519,0
4520,0
4521,0
4522,1
4523,0
4524,1
4525,0
4526,1
4527,0
4528,0
4529,0
4530,1
4531,0
4532,2
4533,0
4534,1
4535,0
4536,0
4537,0
4538,2
4539,0
4540,1
4541,0
4542,1
4543,1
4544,0
4545,1
4546,0
4547,1
4548,0
4549,1
4550,1
4551,0
4552,0
4553,1
4554,0
4555,1
4556,0
4557,1
4558,1
4559,0
4560,0
4561,0
4562,0
4563,0
4564,0
4565,1
4566,1
4567,1
4568,1
4569,0
4570,0
4571,1
4572,0
4573,0
4574,0
4575,1
4576,0
4577,0
4578,0
4579,0
4580,1
4581,2
4582,0
4583,2
4584,0
4585,0
4586,1
4587,1
4588,0
4589,0
4590,0
4591,0
4592,1
4593,0
4594,0
4595,1
4596,1
4597,1
4598,1
4599,1
4600,1
4601,1
4602,0
4603,2
4604,1
4605,2
4606,1
4607,1
4608,1
4609,1
4610,0
4611,1
4612,1
4613,0
4614,0
4615,0
4616,2
4617,1
4618,0
4619,0
4620,1
4621,0
4622,0
4623,1
4624,0
4625,1
4626,0
4627,0
4628,0
4629,2
4630,1
4631,0
4632,0
4633,0
4634,0
4635,0
4636,0
4637,0
4638,0
4639,1
4640,2
4641,0
4642,0
4643,2
4644,1
4645,0
4646,0
4647,1
4648,0
4649,0
4650,1
4651,1
4652,0
4653,1
4654,0
4655,1
4656,1
4657,0
4658,0
4659,1
4660,1
4661,0
4662,0
4663,0
4664,0
4665,1
4666,0
4667,0
4668,1
4669,0
4670,0
4671,2
4672,1
4673,0
4674,1
4675,1
4676,1
4677,1
4678,0
4679,0
4680,0
4681,0
4682,2
4683,1
4684,0
4685,0
4686,1
4687,0
4688,1
4689,0
4690,0
4691,0
4692,0
4693,0
4694,0
4695,2
4696,1
4697,1
4698,0
4699,0
4700,1
4701,0
4702,0
4703,1
4704,1
4705,1
4706,1
4707,0
4708,0
4709,0
4710,0
4711,0
4712,1
4713,1
4714,0
4715,1
4716,1
4717,1
4718,0
4719,0
4720,0
4721,1
4722,1
4723,1
4724,1
4725,1
4726,0
4727,1
4728,0
4729,1
4730,1
4731,1
4732,0
4733,1
4734,2
4735,1
4736,1
4737,1
4738,0
4739,1
4740,0
4741,0
4742,0
4743,1
4744,0
4745,1
4746,0
4747,1
4748,0
4749,1
4750,1
4751,2
4752,1
4753,0
4754,1
4755,1
4756,1
4757,0
4758,0
4759,1
4760,0
4761,0
4762,0
4763,0
4764,1
4765,0
4766,1
4767,0
4768,0
4769,1
4770,0
4771,1
4772,0
4773,0
4774,0
4775,1
4776,0
4777,0
4778,0
4779,0
4780,0
4781,1
4782,0
4783,0
4784,0
4785,1
4786,0
4787,0
4788,1
4789,1
4790,1
4791,1
4792,0
4793,0
4794,0
4795,0
4796,2
4797,1
4798,0
4799,0
4800,1
4801,1
4802,0
4803,0
4804,1
4805,0
4806,1
4807,1
4808,0
4809,1
4810,0
4811,0
4812,0
4813,0
4814,2
4815,1
4816,1
4817,0
4818,0
4819,0
4820,1
4821,0
4822,0
4823,0
4824,0
4825,1
4826,2
4827,1
4828,1
4829,0
4830,0
4831,1
4832,0
4833,1
4834,0
4835,2
4836,0
4837,2
4838,0
4839,0
4840,0
4841,0
4842,1
4843,1
4844,2
4845,0
4846,1
4847,0
4848,0
4849,1
4850,1
4851,1
4852,1
4853,2
4854,1
4855,0
4856,1
4857,0
4858,0
4859,1
4860,0
4861,2
4862,0
4863,0
4864,0
4865,0
4866,0
4867,0
4868,0
4869,0
4870,2
4871,1
4872,0
4873,0
4874,1
4875,0
4876,2
4877,0
4878,1
4879,1
4880,0
4881,0
4882,0
4883,1
4884,0
4885,0
4886,0
4887,1
4888,0
4889,1
4890,1
4891,0
4892,1
4893,0
4894,1
4895,0
4896,1
4897,0
4898,1
4899,0
4900,0
4901,2
4902,1
4903,0
4904,1
4905,0
4906,0
4907,1
4908,1
4909,1
4910,0
4911,1
4912,1
4913,1
4914,0
4915,0
4916,0
4917,0
4918,1
4919,0
4920,0
4921,0
4922,0
4923,1
4924,0
4925,0
4926,1
4927,0
4928,0
4929,1
4930,1
4931,0
4932,1
4933,1
4934,0
4935,1
4936,0
4937,0
4938,0
4939,1
4940,1
4941,1
4942,1
4943,1
4944,0
4945,1
4946,0
4947,0
4948,0
4949,0
4950,1
4951,0
4952,1
4953,2
4954,0
4955,1
4956,1
4957,1
4958,0
4959,1
4960,0
4961,0
4962,1
4963,0
4964,0
4965,0
4966,0
4967,0
4968,0
4969,1
4970,1
4971,0
4972,0
4973,1
4974,0
4975,0
4976,1
4977,1
4978,2
4979,0
4980,1
4981,0
4982,2
4983,1
4984,0
4985,1
4986,1
4987,1
4988,2
4989,1
4990,0
4991,0
4992,1
4993,1
4994,0
4995,0
4996,1
4997,0
4998,0
4999,0
5000,0
5001,0
5002,0
5003,0
5004,1
5005,1
5006,1
5007,0
5008,2
5009,1
5010,0
5011,0
5012,1
5013,0
5014,0
5015,1
5016,1
5017,1
5018,0
5019,1
5020,0
5021,1
5022,0
5023,1
5024,1
5025,0
5026,1
5027,1
5028,0
5029,0
5030,0
5031,2
5032,1
5033,0
5034,1
5035,1
5036,0
5037,2
5038,1
5039,1
5040,1
5041,1
5042,1
5043,0
5044,0
5045,0
5046,2
5047,1
5048,0
5049,0
5050,0
5051,0
5052,1
5053,1
5054,0
5055,0
5056,0
5057,1
5058,0
5059,0
5060,0
5061,0
5062,0
5063,1
5064,0
5065,0
5066,1
5067,1
5068,0
5069,0
5070,0
5071,1
5072,1
5073,0
5074,1
5075,0
5076,0
5077,1
5078,0
5079,0
5080,1
5081,0
5082,0
5083,0
5084,0
5085,0
5086,1
5087,2
5088,0
5089,0
5090,0
5091,0
5092,1
5093,0
5094,1
5095,0
5096,0
5097,1
5098,1
5099,2
5100,1
5101,1
5102,0
5103,1
5104,1
5105,1
5106,0
5107,0
5108,0
5109,1
5110,1
5111,0
5112,1
5113,1
5114,0
5115,1
5116,1
5117,0
5118,0
5119,1
5120,1
5121,0
5122,0
5123,1
5124,0
5125,0
5126,0
5127,1
5128,0
5129,0
5130,2
5131,1
5132,0
5133,1
5134,0
5135,0
5136,1
5137,0
5138,1
5139,1
5140,1
5141,0
5142,1
5143,0
5144,0
5145,1
5146,1
5147,0
5148,1
5149,2
5150,1
5151,0
5152,2
5153,2
5154,0
5155,1
5156,1
5157,0
5158,1
5159,1
5160,0
5161,0
5162,0
5163,0
5164,0
5165,1
5166,1
5167,0
5168,2
5169,1
5170,0
5171,1
5172,2
5173,0
5174,1
5175,0
5176,0
5177,1
5178,2
5179,1
5180,1
5181,1
5182,1
5183,0
5184,0
5185,0
5186,0
5187,0
5188,1
5189,1
5190,1
5191,1
5192,1
5193,1
5194,0
5195,1
5196,2
5197,2
5198,1
5199,1
5200,0
5201,0
5202,0
5203,0
5204,2
5205,0
5206,0
5207,0
5208,1
5209,0
5210,0
5211,0
5212,0
5213,0
5214,0
5215,0
5216,0
5217,1
5218,1
5219,0
5220,1
5221,1
5222,2
5223,0
5224,0
5225,0
5226,0
5227,0
5228,0
5229,1
5230,1
5231,1
5232,1
5233,1
5234,0
5235,1
5236,0
5237,1
5238,0
5239,0
5240,1
5241,0
5242,0
5243,0
5244,1
5245,0
5246,0
5247,0
5248,0
5249,2
5250,0
5251,0
5252,1
5253,1
5254,1
5255,1
5256,1
5257,0
5258,1
5259,1
5260,1
5261,1
5262,2
5263,0
5264,0
5265,0
5266,0
5267,0
5268,0
5269,1
5270,0
5271,1
5272,0
5273,0
5274,0
5275,2
5276,0
5277,1
5278,0
5279,1
5280,1
5281,1
5282,0
5283,1
5284,1
5285,1
5286,0
5287,2
5288,0
5289,2
5290,0
5291,0
5292,1
5293,0
5294,0
5295,0
5296,2
5297,1
5298,1
5299,1
5300,0
5301,0
5302,1
5303,0
5304,0
5305,0
5306,0
5307,1
5308,1
5309,1
5310,1
5311,0
5312,0
5313,1
5314,1
5315,1
5316,0
5317,1
5318,1
5319,1
5320,0
5321,0
5322,0
5323,0
5324,1
5325,0
5326,0
5327,0
5328,1
5329,0
5330,1
5331,0
5332,1
5333,0
5334,1
5335,0
5336,0
5337,0
5338,0
5339,0
5340,0
5341,2
5342,0
5343,0
5344,0
5345,0
5346,1
5347,1
5348,0
5349,0
5350,0
5351,0
5352,0
5353,2
5354,0
5355,1
5356,1
5357,1
5358,1
5359,1
5360,1
5361,1
5362,1
5363,0
5364,1
5365,1
5366,2
5367,0
5368,0
5369,1
5370,0
5371,1
5372,1
5373,0
5374,1
5375,0
5376,1
5377,0
5378,1
5379,1
5380,0
5381,1
5382,1
5383,0
5384,1
5385,0
5386,1
5387,0
5388,0
5389,0
5390,0
5391,1
5392,0
5393,0
5394,0
5395,2
5396,0
5397,1
5398,0
5399,1
5400,0
5401,0
5402,0
5403,0
5404,0
5405,0
5406,0
5407,0
5408,0
5409,0
5410,0
5411,0
5412,1
5413,0
5414,0
5415,0
5416,2
5417,1
5418,0
5419,0
5420,0
5421,0
5422,0
5423,0
5424,1
5425,0
5426,0
5427,0
5428,0
5429,0
5430,1
5431,1
5432,0
5433,1
5434,1
5435,0
5436,1
5437,2
5438,1
5439,1
5440,0
5441,0
5442,0
5443,2
5444,0
5445,1
5446,0
5447,1
5448,0
5449,1
5450,1
5451,0
5452,2
5453,1
5454,0
5455,1
5456,0
5457,0
5458,0
5459,0
5460,0
5461,0
5462,1
5463,2
5464,1
5465,0
5466,0
5467,2
5468,0
5469,2
5470,0
5471,1
5472,1
5473,0
5474,1
5475,2
5476,0
5477,1
5478,2
5479,0
5480,0
5481,1
5482,0
5483,0
5484,1
5485,0
5486,1
5487,0
5488,1
5489,0
5490,0
5491,1
5492,1
5493,1
5494,0
5495,1
5496,2
5497,1
5498,0
5499,0
5500,0
5501,0
5502,0
5503,0
5504,1
5505,1
5506,1
5507,0
5508,0
5509,1
5510,1
5511,1
5512,0
5513,2
5514,0
5515,1
5516,1
5517,1
5518,0
5519,0
5520,0
5521,1
5522,0
5523,2
5524,0
5525,1
5526,1
5527,0
5528,2
5529,1
5530,0
5531,0
5532,0
5533,1
5534,0
5535,0
5536,0
5537,0
5538,0
5539,0
5540,0
5541,0
5542,0
5543,0
5544,2
5545,0
5546,0
5547,1
5548,0
5549,0
5550,0
5551,0
5552,0
5553,0
5554,1
5555,0
5556,2
5557,2
5558,0
5559,0
5560,0
5561,1
5562,1
5563,1
5564,1
5565,0
5566,1
5567,0
5568,1
5569,0
5570,0
5571,1
5572,1
5573,1
5574,0
5575,0
5576,1
5577,2
5578,0
5579,1
5580,1
5581,0
5582,0
5583,0
5584,0
5585,0
5586,1
5587,1
5588,1
5589,0
5590,1
5591,1
5592,1
5593,0
5594,0
5595,0
5596,2
5597,0
5598,1
5599,1
5600,0
5601,2
5602,0
5603,0
5604,0
5605,1
5606,1
5607,2
5608,0
5609,2
5610,1
5611,0
5612,0
5613,2
5614,1
5615,2
5616,0
5617,1
5618,0
5619,0
5620,0
5621,1
5622,0
5623,1
5624,0
5625,0
5626,0
5627,0
5628,0
5629,0
5630,2
5631,1
5632,0
5633,0
5634,0
5635,1
5636,1
5637,0
5638,0
5639,0
5640,0
5641,1
5642,0
5643,1
5644,1
5645,0
5646,1
5647,2
5648,0
5649,0
5650,1
5651,0
5652,0
5653,0
5654,0
5655,1
5656,0
5657,0
5658,1
5659,0
5660,1
5661,0
5662,0
5663,0
5664,1
5665,1
5666,1
5667,1
5668,1
5669,1
5670,1
5671,0
5672,1
5673,0
5674,1
5675,2
5676,0
5677,0
5678,2
5679,0
5680,1
5681,2
5682,2
5683,1
5684,0
5685,1
5686,0
5687,0
5688,0
5689,0
5690,0
5691,1
5692,1
5693,0
5694,1
5695,0
5696,1
5697,0
5698,1
5699,0
5700,1
5701,0
5702,1
5703,0
5704,0
5705,0
5706,1
5707,1
5708,1
5709,1
5710,1
5711,0
5712,1
5713,2
5714,0
5715,1
5716,1
5717,1
5718,1
5719,1
5720,0
5721,0
5722,1
5723,1
5724,0
5725,1
5726,1
5727,0
5728,0
5729,0
5730,1
5731,2
5732,0
5733,0
5734,1
5735,0
5736,0
5737,1
5738,1
5739,0
5740,1
5741,0
5742,0
5743,1
5744,0
5745,1
5746,0
5747,0
5748,0
5749,1
5750,0
5751,1
5752,1
5753,1
5754,0
5755,0
5756,0
5757,2
5758,0
5759,2
5760,1
5761,1
5762,0
5763,0
5764,1
5765,1
5766,0
5767,0
5768,1
5769,1
5770,0
5771,0
5772,0
5773,1
5774,0
5775,1
5776,1
5777,1
5778,0
5779,1
5780,0
5781,0
5782,0
5783,2
5784,0
5785,0
5786,0
5787,1
5788,1
5789,0
5790,1
5791,1
5792,0
5793,0
5794,0
5795,1
5796,1
5797,1
5798,0
5799,1
5800,0
5801,1
5802,0
5803,0
5804,0
5805,0
5806,1
5807,1
5808,1
5809,1
5810,1
5811,0
5812,0
5813,1
5814,0
5815,0
5816,0
5817,1
5818,1
5819,2
5820,1
5821,1
5822,1
5823,1
5824,0
5825,1
5826,0
5827,0
5828,0
5829,0
5830,0
5831,0
5832,2
5833,0
5834,0
5835,1
5836,2
5837,1
5838,2
5839,0
5840,0
5841,0
5842,0
5843,1
5844,1
5845,1
5846,1
5847,1
5848,1
5849,1
5850,1
5851,0
5852,0
5853,0
5854,0
5855,1
5856,1
5857,1
5858,0
5859,1
5860,1
5861,1
5862,0
5863,0
5864,0
5865,1
5866,1
5867,0
5868,0
5869,2
5870,0
5871,1
5872,0
5873,1
5874,0
5875,1
5876,0
5877,0
5878,0
5879,0
5880,0
5881,2
5882,2
5883,0
5884,0
5885,1
5886,1
5887,1
5888,1
5889,0
5890,1
5891,0
5892,0
5893,1
5894,1
5895,0
5896,0
5897,1
5898,1
5899,1
5900,0
5901,0
5902,1
5903,0
5904,0
5905,1
5906,0
5907,1
5908,1
5909,0
5910,1
5911,1
5912,2
5913,1
5914,0
5915,0
5916,0
5917,0
5918,0
5919,0
5920,0
5921,0
5922,0
5923,0
5924,0
5925,1
5926,2
5927,0
5928,0
5929,1
5930,1
5931,1
5932,1
5933,1
5934,1
5935,0
5936,0
5937,0
5938,1
5939,1
5940,0
5941,0
5942,1
5943,2
5944,1
5945,0
5946,1
5947,0
5948,0
5949,0
5950,0
5951,0
5952,1
5953,1
5954,0
5955,1
5956,0
5957,0
5958,1
5959,0
5960,1
5961,0
5962,1
5963,1
5964,0
5965,0
5966,0
5967,0
5968,1
5969,0
5970,1
5971,0
5972,2
5973,0
5974,1
5975,1
5976,0
5977,1
5978,0
5979,1
5980,1
5981,1
5982,0
5983,1
5984,0
5985,0
5986,0
5987,0
5988,0
5989,1
5990,0
5991,0
5992,1
5993,0
5994,0
5995,0
5996,1
5997,0
5998,0
5999,0
6000,0
6001,0
6002,0
6003,1
6004,1
6005,0
6006,0
6007,0
6008,1
6009,1
6010,0
6011,1
6012,1
6013,1
6014,0
6015,1
6016,1
6017,0
6018,0
6019,1
6020,1
6021,0
6022,1
6023,1
6024,0
6025,0
6026,0
6027,0
6028,1
6029,1
6030,0
6031,0
6032,1
6033,0
6034,1
6035,0
6036,0
6037,0
6038,1
6039,0
6040,1
6041,0
6042,1
6043,0
6044,1
6045,1
6046,0
6047,0
6048,0
6049,1
6050,2
6051,1
6052,1
6053,2
6054,2
6055,1
6056,0
6057,0
6058,0
6059,0
6060,1
6061,2
6062,0
6063,1
6064,1
6065,0
6066,2
6067,1
6068,0
6069,0
6070,0
6071,0
6072,0
6073,1
6074,1
6075,0
6076,0
6077,0
6078,2
6079,1
6080,0
6081,1
6082,0
6083,1
6084,0
6085,1
6086,1
6087,0
6088,1
6089,1
6090,1
6091,2
6092,2
6093,2
6094,0
6095,0
6096,0
6097,0
6098,0
6099,1
6100,1
6101,1
6102,1
6103,1
6104,1
6105,0
6106,0
6107,0
6108,0
6109,1
6110,0
6111,1
6112,1
6113,0
6114,1
6115,0
6116,0
6117,1
6118,1
6119,1
6120,0
6121,1
6122,1
6123,1
6124,1
6125,2
6126,2
6127,0
6128,1
6129,1
6130,0
6131,0
6132,0
6133,0
6134,2
6135,2
6136,0
6137,1
6138,1
6139,0
6140,1
6141,1
6142,1
6143,1
6144,0
6145,0
6146,1
6147,2
6148,1
6149,1
6150,0
6151,1
6152,0
6153,0
6154,2
6155,0
6156,0
6157,1
6158,2
6159,1
6160,1
6161,1
6162,1
6163,1
6164,0
6165,2
6166,1
6167,0
6168,0
6169,0
6170,0
6171,1
6172,0
6173,0
6174,1
6175,0
6176,0
6177,0
6178,0
6179,0
6180,1
6181,0
6182,0
6183,0
6184,1
6185,0
6186,1
6187,0
6188,0
6189,0
6190,2
6191,1
6192,2
6193,2
6194,2
6195,1
6196,0
6197,0
6198,0
6199,0
6200,1
6201,1
6202,1
6203,0
6204,1
6205,1
6206,0
6207,0
6208,0
6209,0
6210,0
6211,0
6212,2
6213,0
6214,1
6215,1
6216,1
6217,1
6218,0
6219,1
6220,0
6221,2
6222,0
6223,0
6224,0
6225,1
6226,0
6227,1
6228,0
6229,1
6230,0
6231,1
6232,0
6233,0
6234,2
6235,1
6236,0
6237,1
6238,1
6239,0
6240,0
6241,1
6242,0
6243,0
6244,0
6245,0
6246,0
6247,1
6248,1
6249,0
6250,0
6251,1
6252,0
6253,0
6254,1
6255,0
6256,0
6257,2
6258,0
6259,0
6260,0
6261,0
6262,0
6263,1
6264,1
6265,2
6266,0
6267,0
6268,1
6269,1
6270,1
6271,1
6272,1
6273,1
6274,0
6275,0
6276,1
6277,1
6278,1
6279,0
6280,0
6281,1
6282,0
6283,1
6284,1
6285,0
6286,2
6287,1
6288,2
6289,0
6290,0
6291,1
6292,0
6293,1
6294,1
6295,0
6296,0
6297,1
6298,1
6299,1
6300,0
6301,0
6302,0
6303,1
6304,0
6305,1
6306,2
6307,0
6308,0
6309,0
6310,0
6311,1
6312,1
6313,1
6314,2
6315,1
6316,2
6317,1
6318,1
6319,0
6320,1
6321,0
6322,0
6323,0
6324,0
6325,2
6326,1
6327,0
6328,1
6329,1
6330,1
6331,0
6332,0
6333,0
6334,2
6335,1
6336,0
6337,0
6338,0
6339,0
6340,0
6341,0
6342,0
6343,1
6344,2
6345,0
6346,0
6347,0
6348,2
6349,1
6350,0
6351,0
6352,0
6353,2
6354,0
6355,1
6356,2
6357,0
6358,1
6359,0
6360,0
6361,0
6362,1
6363,0
6364,1
6365,0
6366,0
6367,0
6368,0
6369,0
6370,1
6371,2
6372,0
6373,2
6374,0
6375,0
6376,0
6377,0
6378,1
6379,0
6380,1
6381,1
6382,0
6383,0
6384,1
6385,0
6386,0
6387,0
6388,0
6389,1
6390,0
6391,0
6392,1
6393,0
6394,0
6395,0
6396,0
6397,0
6398,0
6399,0
6400,1
6401,1
6402,0
6403,1
6404,1
6405,1
6406,0
6407,1
6408,1
6409,2
6410,0
6411,1
6412,1
6413,1
6414,1
6415,0
6416,0
6417,0
6418,1
6419,2
6420,0
6421,1
6422,0
6423,0
6424,1
6425,0
6426,0
6427,1
6428,0
6429,0
6430,0
6431,0
6432,0
6433,1
6434,1
6435,0
6436,2
6437,0
6438,0
6439,0
6440,0
6441,1
6442,0
6443,1
6444,0
6445,0
6446,0
6447,0
6448,0
6449,0
6450,0
6451,0
6452,2
6453,0
6454,1
6455,0
6456,0
6457,1
6458,1
6459,1
6460,0
6461,1
6462,1
6463,0
6464,1
6465,0
6466,0
6467,0
6468,0
6469,0
6470,1
6471,1
6472,0
6473,0
6474,1
6475,1
6476,1
6477,1
6478,0
6479,1
6480,1
6481,0
6482,0
6483,0
6484,1
6485,1
6486,0
6487,0
6488,1
6489,1
6490,1
6491,1
6492,2
6493,1
6494,1
6495,0
6496,0
6497,1
6498,0
6499,0
6500,2
6501,0
6502,0
6503,1
6504,1
6505,0
6506,0
6507,1
6508,1
6509,0
6510,0
6511,0
6512,0
6513,1
6514,0
6515,1
6516,0
6517,1
6518,0
6519,1
6520,1
6521,2
6522,1
6523,1
6524,0
6525,1
6526,1
6527,1
6528,0
6529,1
6530,0
6531,0
6532,1
6533,1
6534,1
6535,1
6536,0
6537,2
6538,0
6539,0
6540,0
6541,0
6542,1
6543,1
6544,0
6545,0
6546,1
6547,0
6548,0
6549,1
6550,1
6551,1
6552,0
6553,1
6554,0
6555,1
6556,0
6557,0
6558,1
6559,0
6560,1
6561,0
6562,0
6563,1
6564,2
6565,0
6566,0
6567,1
6568,1
6569,1
6570,0
6571,1
6572,0
6573,2
6574,1
6575,1
6576,0
6577,1
6578,1
6579,0
6580,1
6581,0
6582,1
6583,1
6584,0
6585,1
6586,1
6587,0
6588,0
6589,2
6590,0
6591,1
6592,1
6593,1
6594,1
6595,0
6596,1
6597,0
6598,0
6599,0
6600,1
6601,0
6602,0
6603,0
6604,1
6605,0
6606,0
6607,0
6608,1
6609,2
6610,0
6611,0
6612,0
6613,1
6614,1
6615,0
6616,0
6617,1
6618,0
6619,1
6620,1
6621,1
6622,0
6623,1
6624,1
6625,1
6626,1
6627,0
6628,1
6629,0
6630,1
6631,0
6632,0
6633,1
6634,0
6635,1
6636,2
6637,1
6638,0
6639,0
6640,1
6641,1
6642,0
6643,1
6644,0
6645,0
6646,1
6647,1
6648,0
6649,1
6650,0
6651,1
6652,0
6653,0
6654,0
6655,0
6656,1
6657,1
6658,1
6659,0
6660,0
6661,1
6662,1
6663,0
6664,0
6665,0
6666,0
6667,1
6668,0
6669,0
6670,1
6671,0
6672,1
6673,0
6674,2
6675,1
6676,1
6677,1
6678,1
6679,2
6680,2
6681,0
6682,1
6683,2
6684,0
6685,0
6686,0
6687,1
6688,1
6689,0
6690,1
6691,1
6692,1
6693,2
6694,1
6695,0
6696,1
6697,0
6698,0
6699,0
6700,0
6701,0
6702,2
6703,1
6704,0
6705,0
6706,0
6707,0
6708,0
6709,1
6710,1
6711,1
6712,0
6713,0
6714,0
6715,1
6716,0
6717,1
6718,1
6719,1
6720,1
6721,1
6722,1
6723,2
6724,2
6725,2
6726,0
6727,0
6728,0
6729,0
6730,2
6731,0
6732,0
6733,0
6734,0
6735,1
6736,0
6737,0
6738,0
6739,0
6740,0
6741,0
6742,0
6743,0
6744,0
6745,0
6746,1
6747,1
6748,1
6749,1
6750,1
6751,0
6752,0
6753,0
6754,0
6755,0
6756,1
6757,0
6758,1
6759,1
6760,0
6761,1
6762,0
6763,1
6764,1
6765,0
6766,1
6767,0
6768,2
6769,0
6770,1
6771,1
6772,1
6773,1
6774,0
6775,0
6776,0
6777,0
6778,1
6779,1
6780,1
6781,1
6782,2
6783,0
6784,1
6785,0
6786,0
6787,1
6788,1
6789,0
6790,0
6791,0
6792,1
6793,1
6794,0
6795,1
6796,0
6797,0
6798,1
6799,1
6800,0
6801,0
6802,0
6803,2
6804,1
6805,0
6806,2
6807,0
6808,0
6809,0
6810,2
6811,1
6812,1
6813,0
6814,1
6815,0
6816,0
6817,1
6818,0
6819,0
6820,1
6821,0
6822,0
6823,0
6824,0
6825,1
6826,0
6827,0
6828,2
6829,0
6830,0
6831,2
6832,0
6833,1
6834,0
6835,1
6836,0
6837,0
6838,1
6839,0
6840,0
6841,1
6842,1
6843,0
6844,0
6845,1
6846,1
6847,1
6848,0
6849,2
6850,0
6851,1
6852,1
6853,0
6854,1
6855,0
6856,1
6857,0
6858,0
6859,1
6860,0
6861,0
6862,1
6863,0
6864,2
6865,0
6866,1
6867,0
6868,2
6869,0
6870,0
6871,0
6872,1
6873,0
6874,1
6875,2
6876,1
6877,1
6878,1
6879,1
6880,1
6881,1
6882,0
6883,1
6884,2
6885,0
6886,1
6887,0
6888,0
6889,1
6890,1
6891,0
6892,0
6893,0
6894,1
6895,1
6896,2
6897,1
6898,1
6899,2
6900,1
6901,0
6902,1
6903,0
6904,0
6905,1
6906,0
6907,0
6908,0
6909,2
6910,0
6911,0
6912,0
6913,1
6914,0
6915,0
6916,0
6917,0
6918,0
6919,0
6920,0
6921,1
6922,1
6923,1
6924,0
6925,1
6926,0
6927,0
6928,1
6929,0
6930,0
6931,0
6932,1
6933,0
6934,1
6935,0
6936,0
6937,0
6938,0
6939,1
6940,1
6941,0
6942,0
6943,0
6944,2
6945,0
6946,1
6947,0
6948,1
6949,0
6950,1
6951,1
6952,0
6953,0
6954,1
6955,2
6956,1
6957,0
6958,1
6959,1
6960,0
6961,1
6962,0
6963,0
6964,0
6965,2
6966,0
6967,1
6968,0
6969,2
6970,2
6971,1
6972,1
6973,0
6974,1
6975,1
6976,0
6977,0
6978,1
6979,0
6980,0
6981,1
6982,0
6983,2
6984,0
6985,0
6986,0
6987,0
6988,0
6989,1
6990,1
6991,1
6992,0
6993,1
6994,1
6995,0
6996,1
6997,0
6998,0
6999,0
7000,1
